"contrast","estimate","SE","df","z.ratio","p.value"
"Downy - Silver",2.9448091698213,2.36978789964954,Inf,1.24264672389322,0.21399804412881
