"contrast","estimate","SE","df","t.ratio","p.value"
"Downy - Silver",9.13405487987806,4.05275107358921,784.313089091482,2.25379124304043,0.0244846366977789
