"species","prop_s_stand.trend","SE","df","lower.CL","upper.CL","t.ratio","p.value"
"Downy",7.58632573670506,3.10892618130138,788.386941679819,1.48357343906245,13.6890780343477,2.44017557648457,0.0148994001287889
"Silver",-1.54772914317299,2.97527139018429,787.728690876427,-7.38812759018174,4.29266930383576,-0.520197635845624,0.603071994886732
